id,session_id,message
99,7d296744-ba1d-470d-b9a0-959a8ef24712,"{""type"":""human"",""content"":""Hola quería averiguar por una inspección"",""additional_kwargs"":{},""response_metadata"":{}}"
100,7d296744-ba1d-470d-b9a0-959a8ef24712,"{""type"":""ai"",""content"":""¡Hola! Soy Alejandro de CheckHome. ¿Cómo te llamás? Por favor, contame un poco más sobre el tipo de inspección que necesitás. ¿Se trata de un departamento, una casa u otro tipo de propiedad?"",""tool_calls"":[],""additional_kwargs"":{},""response_metadata"":{},""invalid_tool_calls"":[]}"
101,7d296744-ba1d-470d-b9a0-959a8ef24712,"{""type"":""human"",""content"":""Hola quería averiguar por una inspección Me das más información"",""additional_kwargs"":{},""response_metadata"":{}}"
102,7d296744-ba1d-470d-b9a0-959a8ef24712,"{""type"":""ai"",""content"":""¡Genial! Te cuento: en CheckHome realizamos inspecciones técnicas a propiedades, ya sean casas, departamentos o incluso desarrollos completos, utilizando arquitectos y técnicos especializados que revisan más de 200 puntos críticos. \n\nEl proceso es así:\n1. Programamos la visita en el horario que te convenga (puedes elegir mañana o tarde). No es necesario que estés presente, solo alguien que pueda abrir la propiedad.\n2. Durante la visita, se inspeccionan aspectos fundamentales como electricidad, gas, plomería, condiciones generales (pintura, aberturas, terminaciones), entre otros.\n3. Una vez terminada la inspección, en 24 horas recibís un informe detallado con todas las deficiencias encontradas y los costos estimados de reparación.\n4. Con estos datos, podés negociar, decidir sobre la compra o buscar alternativas.\n\n¿Te gustaría que te brinde información más específica en función del tipo de propiedad que querés inspeccionar? Por ejemplo, ¿se trata de un departamento, casa u otro tipo de inmueble? Además, necesito saber dónde está ubicada (teniendo en cuenta que trabajamos dentro del AMBA). ¡Contame un poco más para poder ayudarte mejor!"",""tool_calls"":[],""additional_kwargs"":{},""response_metadata"":{},""invalid_tool_calls"":[]}"
103,7d296744-ba1d-470d-b9a0-959a8ef24712,"{""type"":""human"",""content"":""entrenamiento1004 pregunta ¿me das información? Respuesta: que necesitas"",""additional_kwargs"":{},""response_metadata"":{}}"
104,7d296744-ba1d-470d-b9a0-959a8ef24712,"{""type"":""ai"",""content"":""Contame, ¿qué información necesitás exactamente? ¿Te interesa saber detalles sobre el proceso de inspección, costos o algún tipo de propiedad en particular? ¡Avisame para ayudarte mejor!"",""tool_calls"":[],""additional_kwargs"":{},""response_metadata"":{},""invalid_tool_calls"":[]}"
105,7d296744-ba1d-470d-b9a0-959a8ef24712,"{""type"":""human"",""content"":""Hola"",""additional_kwargs"":{},""response_metadata"":{}}"
106,7d296744-ba1d-470d-b9a0-959a8ef24712,"{""type"":""ai"",""content"":""¡Hola! Soy Alejandro de CheckHome. ¿Cómo te llamás y en qué puedo ayudarte con la inspección? ¿Estás pensando en inspeccionar una casa, un departamento u otro tipo de propiedad? Contame un poco más para poder darte la info adecuada."",""tool_calls"":[],""additional_kwargs"":{},""response_metadata"":{},""invalid_tool_calls"":[]}"
107,7d296744-ba1d-470d-b9a0-959a8ef24712,"{""type"":""human"",""content"":""Hola"",""additional_kwargs"":{},""response_metadata"":{}}"
108,7d296744-ba1d-470d-b9a0-959a8ef24712,"{""type"":""ai"",""content"":""¡Hola! Soy Alejandro de CheckHome. ¿Cómo te llamás? ¿En qué te puedo ayudar hoy con la inspección?"",""tool_calls"":[],""additional_kwargs"":{},""response_metadata"":{},""invalid_tool_calls"":[]}"
109,7d296744-ba1d-470d-b9a0-959a8ef24712,"{""type"":""human"",""content"":""Hola Hola"",""additional_kwargs"":{},""response_metadata"":{}}"
110,7d296744-ba1d-470d-b9a0-959a8ef24712,"{""type"":""ai"",""content"":""¡Hola, hola! ¿Cómo estás? Soy Alejandro de CheckHome. ¿Querés más info sobre nuestras inspecciones? Contame qué necesitás saber o en qué tipo de propiedad estás interesado: ¿una casa, un departamento o algún otro inmueble? Así te paso la info detallada que buscas."",""tool_calls"":[],""additional_kwargs"":{},""response_metadata"":{},""invalid_tool_calls"":[]}"
111,7d296744-ba1d-470d-b9a0-959a8ef24712,"{""type"":""human"",""content"":""Hola"",""additional_kwargs"":{},""response_metadata"":{}}"
112,7d296744-ba1d-470d-b9a0-959a8ef24712,"{""type"":""ai"",""content"":""¡Hola! Soy Alejandro de CheckHome. ¿Cómo te llamás? ¿En qué puedo ayudarte hoy con respecto a una inspección?"",""tool_calls"":[],""additional_kwargs"":{},""response_metadata"":{},""invalid_tool_calls"":[]}"
113,7d296744-ba1d-470d-b9a0-959a8ef24712,"{""type"":""human"",""content"":""Hola"",""additional_kwargs"":{},""response_metadata"":{}}"
114,7d296744-ba1d-470d-b9a0-959a8ef24712,"{""type"":""ai"",""content"":""¡Hola! ¿Cómo estás? Soy Alejandro de CheckHome. ¿Cómo te llamás y en qué puedo ayudarte hoy? ¿Estás pensando en inspeccionar alguna casa, departamento u otro tipo de propiedad? Contame para ver cómo te puedo asesorar."",""tool_calls"":[],""additional_kwargs"":{},""response_metadata"":{},""invalid_tool_calls"":[]}"